Workbook

Sheet Resumen
A1: NeighborGood — Diccionario de datos
A2: Base de datos PostgreSQL en Supabase. 21 tablas propias más la referencia a auth.users.
A4: Módulo | B4: Tabla | C4: Descripción | D4: Columnas
A5: A. Estructura del condominio | B5: sectores | C5: Agrupaciones físicas del condominio (torres, pabellones o manzanas). Sirven para segmentar avisos y encuestas y para filtrar las alertas por zona. | D5: =COUNTIF(Diccionario!$B$2:$B$122,B5) -> 3
A6: A. Estructura del condominio | B6: unidades | C6: Departamentos o viviendas. Es la unidad de votación y la ubicación que se muestra en las alertas. | D6: =COUNTIF(Diccionario!$B$2:$B$122,B6) -> 4
A7: B. Usuarios y accesos | B7: residentes_habilitados | C7: Pre-registro hecho por la directiva. Solo un correo que esté aquí puede registrarse como residente. Un trigger sobre auth.users lo consulta antes de crear el perfil. | D7: =COUNTIF(Diccionario!$B$2:$B$122,B7) -> 7
A8: B. Usuarios y accesos | B8: perfiles | C8: Datos del usuario de la app. Extiende a auth.users, la tabla que administra Supabase Auth. | D8: =COUNTIF(Diccionario!$B$2:$B$122,B8) -> 8
A9: B. Usuarios y accesos | B9: registros_sesion | C9: Historial de inicios de sesión. | D9: =COUNTIF(Diccionario!$B$2:$B$122,B9) -> 3
A10: B. Usuarios y accesos | B10: contactos_emergencia | C10: Contactos que el usuario registra para casos de emergencia. | D10: =COUNTIF(Diccionario!$B$2:$B$122,B10) -> 7
A11: B. Usuarios y accesos | B11: dispositivos | C11: Tokens de Expo Push de los celulares de cada usuario. Con ellos se envían las notificaciones a las apps cerradas. | D11: =COUNTIF(Diccionario!$B$2:$B$122,B11) -> 5
A12: C. Avisos y encuestas | B12: categorias_aviso | C12: Catálogo de categorías. Lo comparten los avisos y las encuestas. | D12: =COUNTIF(Diccionario!$B$2:$B$122,B12) -> 2
A13: C. Avisos y encuestas | B13: avisos | C13: Comunicados que publica la directiva. | D13: =COUNTIF(Diccionario!$B$2:$B$122,B13) -> 10
A14: C. Avisos y encuestas | B14: aviso_sectores | C14: Tabla intermedia que dice a qué sectores va dirigido un aviso. | D14: =COUNTIF(Diccionario!$B$2:$B$122,B14) -> 2
A15: C. Avisos y encuestas | B15: encuestas | C15: Encuestas que publica la directiva. Cada una contiene varias preguntas. | D15: =COUNTIF(Diccionario!$B$2:$B$122,B15) -> 11
A16: C. Avisos y encuestas | B16: encuesta_sectores | C16: Segmentación de encuestas, separada de la de avisos. | D16: =COUNTIF(Diccionario!$B$2:$B$122,B16) -> 2
... A26: Externa (Supabase) | B26: auth.users | C26: Pertenece a Supabase Auth y no se crea ni se modifica a mano. Solo aparece para mostrar que perfiles.id es el mismo id que auth.users.id. | D26: =COUNTIF(Diccionario!$B$2:$B$122,B26) -> 2
C27: Total de columnas documentadas | D27: =SUM(D5:D26) -> 121
A29: Cómo leer la hoja Diccionario
A30: PK | B30: Llave primaria.
A31: FK → tabla | B31: Llave foránea hacia esa tabla.
A32: UQ | B32: Valor único. "UQ con X" significa que la combinación de ambas columnas es única.
A33: PK compuesta | B33: La llave primaria está formada por dos columnas.
A34: CHECK | B34: Regla que la base de datos valida (se implementa en el SQL de migración).
A35: — | B35: No aplica o sin valor por defecto.
A36: Filtros | B36: La hoja Diccionario tiene filtros en el encabezado: filtra por Módulo o por Tabla.

Sheet Diccionario
A1: Módulo | B1: Tabla | C1: Columna | D1: Tipo | E1: ¿Nulo? | F1: Llave | G1: Por defecto | H1: Descripción y regla de negocio
A2: A. Estructura del condominio | B2: sectores | C2: id | D2: uuid | E2: No | F2: PK | G2: gen_random_uuid() | H2: Identificador del sector.
A3: A. Estructura del condominio | B3: sectores | C3: nombre | D3: text | E3: No | F3: UQ con tipo | G3: — | H3: Nombre del sector, por ejemplo "Torre A".
A4: A. Estructura del condominio | B4: sectores | C4: tipo | D4: tipo_sector | E4: No | F4: UQ con nombre | G4: — | H4: Torre, pabellón o manzana. No puede repetirse el mismo nombre dentro del mismo tipo.
A5: A. Estructura del condominio | B5: unidades | C5: id | D5: uuid | E5: No | F5: PK | G5: gen_random_uuid() | H5: Identificador de la unidad.
A6: A. Estructura del condominio | B6: unidades | C6: sector_id | D6: uuid | E6: No | F6: FK → sectores; UQ con codigo | G6: — | H6: Sector al que pertenece la unidad.
A7: A. Estructura del condominio | B7: unidades | C7: codigo | D7: text | E7: No | F7: UQ con sector_id | G7: — | H7: Código visible, por ejemplo "Dpto 302". No se repite dentro del mismo sector.
A8: A. Estructura del condominio | B8: unidades | C8: habilitada | D8: boolean | E8: No | F8: — | G8: true | H8: Si es false, la unidad no admite nuevos registros de residentes.
A9: B. Usuarios y accesos | B9: residentes_habilitados | C9: id | D9: uuid | E9: No | F9: PK | G9: gen_random_uuid() | H9: Identificador del pre-registro.
A10: B. Usuarios y accesos | B10: residentes_habilitados | C10: unidad_id | D10: uuid | E10: No | F10: FK → unidades | G10: — | H10: Unidad que la directiva asigna al residente.
A11: B. Usuarios y accesos | B11: residentes_habilitados | C11: nombre | D11: text | E11: No | F11: — | G11: — | H11: Nombre del residente autorizado.
A12: B. Usuarios y accesos | B12: residentes_habilitados | C12: correo | D12: text | E12: No | F12: UQ | G12: — | H12: Correo con el que el residente podrá registrarse. Es único en todo el sistema.
... A122: Externa (Supabase) | B122: auth.users | C122: email | D122: text | E122: Sí | F122: — | G122: — | H122: Correo del usuario. Lo administra Supabase Auth.

Sheet Enums
A1: Tipo enumerado | B1: Valores permitidos | C1: Uso
A2: rol_usuario | B2: directiva, residente, guardia | C2: Rol que define qué ve y qué puede hacer cada usuario.
A3: tipo_sector | B3: torre, pabellon, manzana | C3: Forma de agrupar las unidades del condominio.
A4: plataforma_dispositivo | B4: android, ios | C4: Sistema operativo del celular que recibe notificaciones.
A5: prioridad_encuesta | B5: normal, alta | C5: La prioridad alta marca la encuesta como obligatoria para el residente.
A6: tipo_seleccion | B6: unica, multiple | C6: Si una pregunta admite una opción o varias.
A7: estado_pase | B7: vigente, usado, anulado | C7: Estado del pase de visita. El vencimiento no se guarda, se calcula al escanear.
A8: tipo_alerta | B8: medica, incendio, seguridad | C8: Categoría de la alerta del botón de pánico.
A9: estado_alerta | B9: activa, en_camino, atendida | C9: Avance de la atención de una alerta.
A10: estado_incidencia | B10: pendiente, en_atencion, resuelto | C10: Avance de la atención de una incidencia.
